Workbook

Sheet Dataset
A1: Component Number | B1: Supplier Name | C1: Delivery Timeline (Days) | D1: Raw Material Cost ($) | E1: Risk Level | F1: Mitigation Plan | G1: Supply Chain Expected Date | H1: Defect Rate (%) | I1: Production Usage Rate (Units/Day) | J1: Supplier Reliability (%) | K1: Inventory Level (Units) | L1: Reorder Point (Units) | M1: Lead Time Variance (Days) | N1: Expedite Shipping Cost ($) | O1: Order Size (Units) | P1: On-Time Delivery Rate (%) | Q1: Backorder Volume (Units) | R1: Quality Inspection Pass Rate (%) | S1: Forecast Accuracy (%) | T1: Safety Stock (Units)
A2: BIND567 | B2: EcoSupply | C2: 64 | D2: 1309 | E2: Medium | F2: Negotiate Terms | G2: 2024-12-15 | H2: 2.91 | I2: 1496 | J2: 99 | K2: 25500 | L2: 580 | M2: 26 | N2: 1100 | O2: 2698 | P2: 99 | Q2: 453 | R2: 95 | S2: 98 | T2: 398
A3: CARB123 | B3: RawMatPlus | C3: 62 | D3: 1112 | E3: Medium | F3: Review Contract | G3: 2024-12-15 | H3: 4.41 | I3: 1277 | J3: 97 | K3: 16530 | L3: 1214 | M3: 24 | N3: 1196 | O3: 1569 | P3: 84 | Q3: 110 | R3: 95 | S3: 83 | T3: 347
A4: CARB123 | B4: RawMatPlus | C4: 10 | D4: 1108 | E4: High | F4: Expedite Shipping | G4: 2024-07-21 | H4: 2.56 | I4: 771 | J4: 87 | K4: 20100 | L4: 1262 | M4: 8 | N4: 1603 | O4: 1538 | P4: 98 | Q4: 219 | R4: 99 | S4: 92 | T4: 485
A5: CARB123 | B5: RawMatPlus | C5: 12 | D5: 1046 | E5: Low | F5: Negotiate Terms | G5: 2024-03-21 | H5: 1.22 | I5: 1196 | J5: 91 | K5: 34420 | L5: 565 | M5: 6 | N5: 1281 | O5: 2220 | P5: 94 | Q5: 270 | R5: 94 | S5: 97 | T5: 740
A6: CARB123 | B6: RawMatPlus | C6: 9 | D6: 1393 | E6: High | F6: Increase Inventory | G6: 2024-02-10 | H6: 2.46 | I6: 964 | J6: 85 | K6: 49060 | L6: 1239 | M6: 4 | N6: 1525 | O6: 2560 | P6: 85 | Q6: 259 | R6: 91 | S6: 89 | T6: 730
A7: COAT890 | B7: GlobalChem | C7: 60 | D7: 1125 | E7: Low | F7: Source Alternative | G7: 2024-12-04 | H7: 3.55 | I7: 1413 | J7: 93 | K7: 13560 | L7: 1104 | M7: 22 | N7: 565 | O7: 1061 | P7: 82 | Q7: 111 | R7: 93 | S7: 96 | T7: 608
A8: COAT890 | B8: GlobalChem | C8: 15 | D8: 1116 | E8: Medium | F8: Negotiate Terms | G8: 2024-04-28 | H8: 0.95 | I8: 784 | J8: 92 | K8: 36030 | L8: 1354 | M8: 5 | N8: 833 | O8: 1758 | P8: 91 | Q8: 107 | R8: 94 | S8: 82 | T8: 611
A9: COAT890 | B9: RawMatPlus | C9: 8 | D9: 1083 | E9: Medium | F9: Expedite Shipping | G9: 2024-05-21 | H9: 3.6 | I9: 724 | J9: 95 | K9: 23280 | L9: 1363 | M9: 0 | N9: 969 | O9: 2683 | P9: 81 | Q9: 412 | R9: 95 | S9: 92 | T9: 437
A10: COAT890 | B10: NextGen Pharma | C10: 10 | D10: 1390 | E10: Low | F10: Review Contract | G10: 2024-09-01 | H10: 3.2 | I10: 1000 | J10: 85 | K10: 14580 | L10: 1451 | M10: 5 | N10: 1129 | O10: 1490 | P10: 81 | Q10: 123 | R10: 99 | S10: 82 | T10: 343
A11: COAT890 | B11: GlobalChem | C11: 13 | D11: 1392 | E11: Low | F11: Source Alternative | G11: 2024-11-16 | H11: 4.76 | I11: 669 | J11: 89 | K11: 31610 | L11: 1393 | M11: 9 | N11: 1366 | O11: 2975 | P11: 86 | Q11: 475 | R11: 98 | S11: 86 | T11: 665
A12: COMP010 | B12: PrimeLogistics | C12: 15 | D12: 1332 | E12: Medium | F12: Expedite Shipping | G12: 2024-09-15 | H12: 1.04 | I12: 730 | J12: 86 | K12: 23840 | L12: 521 | M12: 9 | N12: 1634 | O12: 1471 | P12: 98 | Q12: 112 | R12: 90 | S12: 82 | T12: 662
A13: COMP011 | B13: NextGen Pharma | C13: 6 | D13: 1463 | E13: Low | F13: Increase Inventory | G13: 2024-02-17 | H13: 1.57 | I13: 1185 | J13: 92 | K13: 18770 | L13: 1052 | M13: 2 | N13: 1981 | O13: 2915 | P13: 98 | Q13: 295 | R13: 97 | S13: 87 | T13: 701
... A51: COMP049 | B51: NextGen Pharma | C51: 9 | D51: 1304 | E51: High | F51: Review Contract | G51: 2024-05-15 | H51: 1.06 | I51: 1205 | J51: 89 | K51: 38660 | L51: 912 | M51: 4 | N51: 1524 | O51: 2105 | P51: 95 | Q51: 224 | R51: 91 | S51: 99 | T51: 320

Sheet Analysis
A1: Component | B1: Supplier | C1: Supply Chain Receipt Date | D1: Risk Level | E1: Delivery Timeline | F1: Issue Summary | G1: Supplier Analysis | H1: Risk Factors | I1: Component Specific Changes | K1: Risk Level | L1: Average Delivery Timeline (Days) | M1: Record Count | O1: Component | P1: On-Time Delivery Rate | Q1: Record Count
A2: BIND567 | K2: High | L2: =AVERAGEIF(Dataset!$E:$E,K2,Dataset!$C:$C) -> 11.25 | M2: =COUNTIF(Dataset!$E:$E,K2) -> 12 | O2: CARB123 | P2: =AVERAGEIF(Dataset!$A:$A,O2,Dataset!$P:$P)/100 -> 0.9025 | Q2: =COUNTIF(Dataset!$A:$A,O2) -> 4
A3: COMP042 | K3: Medium | L3: =AVERAGEIF(Dataset!$E:$E,K3,Dataset!$C:$C) -> 15.125 | M3: =COUNTIF(Dataset!$E:$E,K3) -> 24 | O3: BIND567 | P3: =AVERAGEIF(Dataset!$A:$A,O3,Dataset!$P:$P)/100 -> 0.99 | Q3: =COUNTIF(Dataset!$A:$A,O3) -> 1
A4: COMP043 | K4: Low | L4: =AVERAGEIF(Dataset!$E:$E,K4,Dataset!$C:$C) -> 12.857143 | M4: =COUNTIF(Dataset!$E:$E,K4) -> 14 | O4: COAT890 | P4: =AVERAGEIF(Dataset!$A:$A,O4,Dataset!$P:$P)/100 -> 0.842 | Q4: =COUNTIF(Dataset!$A:$A,O4) -> 5

Sheet Supplier Performance
A1: Supplier Performance Breakdown
A2: Ranked by lowest average delivery time; ties by highest on-time delivery rate.
A4: Rank | B4: Supplier | C4: Average Delivery Time (Days) | D4: On-Time Delivery Rate | E4: Associated Risk Level | F4: Record Count
A5: 1 | B5: NextGen Pharma | C5: =AVERAGEIF(Dataset!$B:$B,B5,Dataset!$C:$C) -> 10.727273 | D5: =AVERAGEIF(Dataset!$B:$B,B5,Dataset!$P:$P)/100 -> 0.91545455 | E5: {=INDEX({"High","Medium","Low"},MATCH(MAX(COUNTIFS(Dataset!$B:$B,B5,Dataset!$E:$E,{"High","Medium","Low"})),COUNTIFS(Dataset!$B:$B,B5,Dataset!$E:$E,{"High","Medium","Low"}),0))} -> Medium | F5: =COUNTIF(Dataset!$B:$B,B5) -> 11
A6: 2 | B6: PrimeLogistics | C6: =AVERAGEIF(Dataset!$B:$B,B6,Dataset!$C:$C) -> 11 | D6: =AVERAGEIF(Dataset!$B:$B,B6,Dataset!$P:$P)/100 -> 0.88 | E6: {=INDEX({"High","Medium","Low"},MATCH(MAX(COUNTIFS(Dataset!$B:$B,B6,Dataset!$E:$E,{"High","Medium","Low"})),COUNTIFS(Dataset!$B:$B,B6,Dataset!$E:$E,{"High","Medium","Low"}),0))} -> Medium | F6: =COUNTIF(Dataset!$B:$B,B6) -> 7
A7: 3 | B7: RawMatPlus | C7: =AVERAGEIF(Dataset!$B:$B,B7,Dataset!$C:$C) -> 14.230769 | D7: =AVERAGEIF(Dataset!$B:$B,B7,Dataset!$P:$P)/100 -> 0.90615385 | E7: {=INDEX({"High","Medium","Low"},MATCH(MAX(COUNTIFS(Dataset!$B:$B,B7,Dataset!$E:$E,{"High","Medium","Low"})),COUNTIFS(Dataset!$B:$B,B7,Dataset!$E:$E,{"High","Medium","Low"}),0))} -> Low | F7: =COUNTIF(Dataset!$B:$B,B7) -> 13
A8: 4 | B8: EcoSupply | C8: =AVERAGEIF(Dataset!$B:$B,B8,Dataset!$C:$C) -> 15 | D8: =AVERAGEIF(Dataset!$B:$B,B8,Dataset!$P:$P)/100 -> 0.879 | E8: {=INDEX({"High","Medium","Low"},MATCH(MAX(COUNTIFS(Dataset!$B:$B,B8,Dataset!$E:$E,{"High","Medium","Low"})),COUNTIFS(Dataset!$B:$B,B8,Dataset!$E:$E,{"High","Medium","Low"}),0))} -> Medium | F8: =COUNTIF(Dataset!$B:$B,B8) -> 10
A9: 5 | B9: GlobalChem | C9: =AVERAGEIF(Dataset!$B:$B,B9,Dataset!$C:$C) -> 16.444444 | D9: =AVERAGEIF(Dataset!$B:$B,B9,Dataset!$P:$P)/100 -> 0.90888889 | E9: {=INDEX({"High","Medium","Low"},MATCH(MAX(COUNTIFS(Dataset!$B:$B,B9,Dataset!$E:$E,{"High","Medium","Low"})),COUNTIFS(Dataset!$B:$B,B9,Dataset!$E:$E,{"High","Medium","Low"}),0))} -> Medium | F9: =COUNTIF(Dataset!$B:$B,B9) -> 9
